{
"num_actions": 2,
"num_states": 4,
"T": 5000,
"gamma": 0.5,

"r": [
    [-1, -1],
    [0, 0],
    [0, 0],
    [1, 1]
],

"init_occupation": [0.16666666666, 0.333333333333, 0.5, 0],

"P1":[
    [0.5, 0.5,   0, 0  ],
    [  0, 0.5, 0.5, 0  ],
    [  0,   0, 0.5, 0.5],
    [0.5,   0,   0, 0.5]
],

"P0": [
    [0.5,   0,   0, 0.5],
    [0.5, 0.5,   0, 0  ],
    [  0, 0.5, 0.5, 0  ],
    [  0,   0, 0.5, 0.5]
],

"budgets": 0.5
}